# feature_1,feature_2,label
1.147867961090000000e+00,9.377817981570000239e-01,1.000000000000000000e+00
1.731893894859999894e-01,-2.644829180189999795e-01,0.000000000000000000e+00
6.804470417510000146e-01,4.814655733130000087e-02,1.000000000000000000e+00
-1.088036079299999903e+00,1.028807354670000063e+00,1.000000000000000000e+00
1.193379384150000000e+00,-1.155006652960000046e+00,0.000000000000000000e+00
4.384668512709999910e-01,1.123564998340000010e+00,1.000000000000000000e+00
-1.291354887990000089e+00,-1.400400600760000058e+00,0.000000000000000000e+00
9.404208473799999801e-01,4.349941133379999769e-01,1.000000000000000000e+00
1.442098905719999991e+00,1.924356583359999873e-01,1.000000000000000000e+00
-3.956161847390000097e-01,-3.543747299159999975e-01,0.000000000000000000e+00
-5.479364202290000208e-01,1.413707616179999960e+00,1.000000000000000000e+00
-9.262172959929999561e-01,1.391358703339999892e+00,1.000000000000000000e+00
1.957151306759999931e+00,-1.949968675350000069e+00,0.000000000000000000e+00
9.761757195850000457e-01,8.005100020990000287e-01,1.000000000000000000e+00
-1.801060463580000048e+00,6.626744875079999542e-01,1.000000000000000000e+00
-1.697143773709999914e+00,3.006517012530000033e-01,1.000000000000000000e+00
-1.304356771239999935e+00,1.549433403280000010e-01,1.000000000000000000e+00
6.003596020139999601e-01,7.291005153599999788e-01,1.000000000000000000e+00
1.230615486530000080e+00,-1.444784426630000063e+00,0.000000000000000000e+00
-1.825051734969999950e+00,-1.289429345460000098e+00,0.000000000000000000e+00
9.565267894150000227e-01,9.609996151869999448e-01,1.000000000000000000e+00
6.964782756430000221e-01,2.852137041050000210e-01,0.000000000000000000e+00
1.334147393639999901e+00,-1.168153667289999920e+00,0.000000000000000000e+00
-1.987449850690000019e+00,1.382194967130000007e+00,1.000000000000000000e+00
1.665358428300000027e+00,-1.982036856679999959e+00,0.000000000000000000e+00
9.628545957730000326e-01,4.337034665460000049e-01,1.000000000000000000e+00
8.820689696710000416e-02,1.748783880879999919e-01,0.000000000000000000e+00
9.668466780919999781e-01,5.296213278250000434e-01,1.000000000000000000e+00
9.039886677699999762e-01,-7.193337334930000049e-01,0.000000000000000000e+00
-1.605513574200000126e-01,-6.339500852330000047e-01,0.000000000000000000e+00
8.679257469390000423e-01,-1.281554608520000027e+00,0.000000000000000000e+00
3.236291950760000202e-01,9.886732661820000212e-01,1.000000000000000000e+00
-1.852994994769999959e+00,-1.389506555599999915e+00,0.000000000000000000e+00
1.549559771710000033e+00,-1.974474870919999958e+00,0.000000000000000000e+00
-1.692881102879999933e+00,-1.019118352320000032e+00,0.000000000000000000e+00
1.816897147800000001e+00,-1.840141625130000014e+00,0.000000000000000000e+00
-4.598476886369999850e-01,-1.432525624830000011e+00,0.000000000000000000e+00
7.057585301690000312e-01,-9.186600624120000447e-01,0.000000000000000000e+00
-1.268125050399999898e+00,-1.145725640029999992e+00,0.000000000000000000e+00
1.094881707879999944e+00,1.141597647930000070e+00,1.000000000000000000e+00
1.405343674689999989e-01,-6.667110270989999865e-01,0.000000000000000000e+00
6.049979988849999747e-03,1.306105739449999970e+00,1.000000000000000000e+00
-1.223338799980000058e+00,-8.126455487150000545e-01,0.000000000000000000e+00
-1.865321206780000018e+00,-1.236918391609999945e+00,0.000000000000000000e+00
-6.877958759800000266e-01,-1.034307198440000075e+00,0.000000000000000000e+00
-9.235500740519999585e-01,1.320377092890000048e+00,1.000000000000000000e+00
1.210517450660000049e+00,-1.057839654859999978e+00,0.000000000000000000e+00
-1.016005835779999922e+00,-1.098149555670000055e+00,0.000000000000000000e+00
-7.873769435209999612e-01,-1.013486974409999908e+00,0.000000000000000000e+00
-1.542901194259999942e+00,1.211901635930000110e+00,1.000000000000000000e+00
-2.380995060720000056e-01,-8.624701632750000346e-01,0.000000000000000000e+00
-1.636373929109999903e+00,-2.684958852609999891e-01,0.000000000000000000e+00
1.285569103550000092e+00,1.071817409799999954e+00,1.000000000000000000e+00
-1.026879420410000021e+00,-1.443861268260000053e+00,0.000000000000000000e+00
1.053533931840000104e+00,5.958970268769999690e-01,1.000000000000000000e+00
-6.327101075150000364e-02,8.854026659300000546e-01,1.000000000000000000e+00
-1.864816229939999959e+00,-1.064289888650000071e+00,0.000000000000000000e+00
8.332329240729999809e-01,-5.576969249969999654e-01,0.000000000000000000e+00
1.335462546110000037e+00,1.379021876039999928e+00,1.000000000000000000e+00
9.536093111890000529e-01,-1.008018644539999897e+00,0.000000000000000000e+00
-1.484496367860000055e+00,-1.162155101329999995e+00,0.000000000000000000e+00
-1.962638557520000049e+00,-2.667526190139999809e+00,0.000000000000000000e+00
-1.903316609140000004e+00,-1.404792643329999979e+00,0.000000000000000000e+00
9.373036136769999915e-01,5.570046646399999801e-01,1.000000000000000000e+00
1.108605352140000111e+00,5.502449632740000207e-02,1.000000000000000000e+00
1.798305920860000073e+00,5.692955358979999714e-01,1.000000000000000000e+00
-1.666421371159999998e+00,1.179968349859999988e+00,1.000000000000000000e+00
1.667808413419999969e+00,-1.765288880630000001e+00,0.000000000000000000e+00
6.116208144910000311e-01,-3.881424390709999894e-01,0.000000000000000000e+00
1.418784904080000020e+00,-1.236080890290000012e+00,0.000000000000000000e+00
5.788284890299999486e-01,-8.536427057619999648e-02,1.000000000000000000e+00
1.164108367859999937e+00,1.133619720670000053e+00,1.000000000000000000e+00
-1.062243536270000011e+00,-1.013418892740000077e+00,0.000000000000000000e+00
-2.765243713100000167e-01,-1.073600443669999960e+00,0.000000000000000000e+00
8.393255903140000029e-01,1.130205785360000048e+00,1.000000000000000000e+00
-1.555346271499999933e+00,-5.105673601279999696e-01,0.000000000000000000e+00
1.129058050010000036e+00,1.253621881139999950e+00,1.000000000000000000e+00
-1.817266951409999942e+00,-1.354172457190000012e+00,0.000000000000000000e+00
5.865918878210000242e-01,-1.081995622079999997e+00,0.000000000000000000e+00
2.477624732189999956e-01,-2.546693584429999824e-01,0.000000000000000000e+00
-7.372586867520000142e-01,2.878075478089999750e-01,1.000000000000000000e+00
3.233357072949999966e-01,7.729919463690000381e-01,1.000000000000000000e+00
-6.110064713010000120e-02,1.033493416930000075e+00,1.000000000000000000e+00
9.348647141350000522e-01,-9.776616811549999619e-01,0.000000000000000000e+00
-1.909674731249999979e+00,-2.238821957279999886e+00,0.000000000000000000e+00
-1.601154231039999987e+00,-1.478962155949999913e+00,0.000000000000000000e+00
1.849042061060000020e+00,-2.143273970030000086e+00,0.000000000000000000e+00
-3.238234468180000158e-01,1.726425491390000122e-01,1.000000000000000000e+00
9.662075383389999716e-01,-8.513514329329999741e-01,0.000000000000000000e+00
-4.050384198790000223e-01,-8.728895207919999955e-01,0.000000000000000000e+00
9.134600484629999961e-01,-1.388539158679999996e+00,0.000000000000000000e+00
4.075481403539999992e-01,5.290799128550000008e-02,1.000000000000000000e+00
4.616456705190000176e-01,-3.564872117660000117e-01,0.000000000000000000e+00
1.093315539300000028e+00,3.366845855610000049e-01,1.000000000000000000e+00
1.905037626619999980e+00,-1.846834749069999893e+00,0.000000000000000000e+00
2.259649103999999964e-01,-3.030226525849999842e-03,0.000000000000000000e+00
1.746301630230000068e+00,4.687439234570000002e-01,1.000000000000000000e+00
-6.716330532319999547e-01,-1.279473518999999948e+00,0.000000000000000000e+00
6.212194552309999729e-01,-1.709365841880000070e-01,1.000000000000000000e+00
-1.074339331670000064e+00,5.697420556109999978e-01,1.000000000000000000e+00
4.931689150090000084e-01,6.602052216979999999e-01,1.000000000000000000e+00
2.895323547299999967e-01,-4.424394589990000015e-01,1.000000000000000000e+00
-1.407843404639999907e+00,2.836418579439999865e-01,1.000000000000000000e+00
1.253688397329999926e+00,8.832525678120000112e-01,1.000000000000000000e+00
-3.269228979209999886e-01,-7.396845585089999453e-01,0.000000000000000000e+00
9.746182817770000506e-01,-3.116236258319999841e-01,0.000000000000000000e+00
-1.220698233690000079e+00,-1.622969148309999943e+00,0.000000000000000000e+00
8.095875318470000526e-01,1.159633676849999961e+00,1.000000000000000000e+00
-7.023793809460000537e-01,5.828388857580000249e-01,1.000000000000000000e+00
1.321081311329999952e+00,-1.363225077909999916e+00,0.000000000000000000e+00
9.460045424720000540e-01,-1.377874743440000049e+00,0.000000000000000000e+00
-1.183381902780000106e+00,-1.326955849700000023e+00,0.000000000000000000e+00
5.360882604159999953e-01,6.756864399499999951e-01,1.000000000000000000e+00
1.210067429830000041e+00,-1.862211800959999941e+00,0.000000000000000000e+00
-9.563059817879999702e-01,-7.919574001870000046e-01,0.000000000000000000e+00
5.339377032509999843e-01,-7.980238274319999547e-01,0.000000000000000000e+00
9.307970985360000116e-01,-7.007132287380000157e-01,0.000000000000000000e+00
-4.109613405690000221e-01,-8.260492779179999800e-01,0.000000000000000000e+00
1.456261342749999965e+00,-4.915827090389999765e-01,1.000000000000000000e+00
1.138055674200000089e+00,-1.119975198309999920e+00,0.000000000000000000e+00
1.665184114509999924e+00,-1.764714095530000026e+00,0.000000000000000000e+00
1.178145930769999961e+00,1.101641976030000025e+00,1.000000000000000000e+00
-1.477773872400000021e+00,-1.268954289390000101e+00,0.000000000000000000e+00
-1.796783495209999915e+00,1.118246785239999985e+00,1.000000000000000000e+00
9.422389193119999895e-01,-1.484818012719999913e+00,0.000000000000000000e+00
-1.356269623830000104e-01,-6.993117747410000362e-01,0.000000000000000000e+00
-1.184567719069999914e+00,-1.478412145360000096e+00,0.000000000000000000e+00
1.121153005529999941e-01,-2.296777677990000099e-01,0.000000000000000000e+00
-1.077010436129999915e+00,5.538880568399999760e-01,1.000000000000000000e+00
-1.470215137769999902e+00,4.433200817660000181e-01,1.000000000000000000e+00
-4.216223041480000044e-01,-1.189948029149999975e+00,0.000000000000000000e+00
5.394735852459999759e-01,-5.907210020390000205e-01,0.000000000000000000e+00
2.625951495559999960e-01,-9.125822575730000441e-01,0.000000000000000000e+00
2.148316763089999915e-01,7.935588970679999798e-01,1.000000000000000000e+00
-6.199043240249999531e-01,1.610031782080000029e-01,1.000000000000000000e+00
-1.686835961559999930e+00,-1.121045784000000101e+00,0.000000000000000000e+00
-7.755046529789999532e-01,-1.038536567069999972e+00,0.000000000000000000e+00
1.236093662070000043e+00,5.660771832759999844e-01,1.000000000000000000e+00
1.034893292280000043e+00,4.728295689159999760e-01,1.000000000000000000e+00
1.340076077800000043e+00,7.408792443780000125e-01,1.000000000000000000e+00
8.334153417799999852e-01,-1.156959662770000064e+00,0.000000000000000000e+00
6.781433439790000017e-01,7.546859504759999560e-01,1.000000000000000000e+00
4.898459035059999911e-01,-3.873404779040000023e-01,0.000000000000000000e+00
6.452216878469999584e-01,-6.915127044759999952e-01,0.000000000000000000e+00
1.462937562560000071e+00,-1.366635481699999932e+00,0.000000000000000000e+00
-1.951955209669999913e-01,-7.657596676900000343e-01,0.000000000000000000e+00
-9.455418717269999940e-01,-1.349819730219999903e+00,0.000000000000000000e+00
1.162160548389999937e+00,-1.212183781570000063e+00,0.000000000000000000e+00
-1.126069900090000075e+00,8.296111860970000196e-01,1.000000000000000000e+00
-5.703767689890000270e-01,-6.704850138879999699e-01,0.000000000000000000e+00
-5.297183242299999817e-01,1.834851759720000086e-01,0.000000000000000000e+00
-5.745359493490000136e-02,-5.452820289680000432e-01,0.000000000000000000e+00
7.244827733390000191e-01,4.497947359750000262e-01,1.000000000000000000e+00
1.648859859989999954e+00,-1.221737582520000087e+00,0.000000000000000000e+00
1.115789728009999981e+00,-1.515666956290000034e+00,0.000000000000000000e+00
6.104215408140000187e-01,5.291818164689999771e-01,1.000000000000000000e+00
9.067748958800000425e-01,-3.322545686600000270e-01,1.000000000000000000e+00
-6.057863609039999542e-01,-6.147846085429999885e-01,0.000000000000000000e+00
-1.343956157879999946e-01,-7.501223490580000153e-02,0.000000000000000000e+00
4.268405170370000168e-02,-1.877869632420000046e-01,0.000000000000000000e+00
4.894354102240000004e-01,1.455463793010000062e+00,1.000000000000000000e+00
1.009521020110000000e+00,-7.820581146849999721e-01,0.000000000000000000e+00
6.769244947729999851e-01,8.265763433680000105e-01,1.000000000000000000e+00
-1.573553574459999882e-01,1.492500844540000093e-01,1.000000000000000000e+00
1.269802548059999925e+00,7.377769780370000419e-01,1.000000000000000000e+00
3.707357356259999848e-01,-5.112543558619999651e-01,0.000000000000000000e+00
6.674102080060000386e-01,-5.648898636860000266e-01,0.000000000000000000e+00
-9.800523690779999741e-01,-1.205086701819999995e+00,0.000000000000000000e+00
-1.158157138059999980e+00,-4.100532597159999848e-01,1.000000000000000000e+00
1.735257210299999908e+00,1.034373217930000033e+00,1.000000000000000000e+00
6.306718294009999726e-01,-3.627605995989999776e-01,0.000000000000000000e+00
-2.348264297479999985e-01,-5.002260537880000024e-01,0.000000000000000000e+00
-1.194908395459999939e+00,-5.256719005150000124e-01,0.000000000000000000e+00
4.071781795330000064e-01,-8.457786931570000499e-01,0.000000000000000000e+00
-1.294483617890000104e+00,6.040501161400000374e-01,1.000000000000000000e+00
-1.156355704249999894e+00,-8.028116275519999734e-01,0.000000000000000000e+00
9.446141944989999706e-01,1.070904941150000012e+00,1.000000000000000000e+00
5.857507022400000318e-01,1.221910557549999998e+00,1.000000000000000000e+00
1.447849256810000096e+00,-1.525397843579999968e+00,0.000000000000000000e+00
1.022584574279999936e+00,1.382943292410000025e+00,1.000000000000000000e+00
1.910184329400000103e-01,-4.366814120990000214e-01,0.000000000000000000e+00
8.686201160840000268e-01,-7.513740779849999996e-01,0.000000000000000000e+00
1.414774482629999941e+00,-1.387931352829999909e+00,0.000000000000000000e+00
1.435983161560000054e+00,9.484384349919999790e-01,1.000000000000000000e+00
9.117863607299999673e-01,-7.892733175049999605e-01,0.000000000000000000e+00
-8.781684628510000312e-01,1.878324086469999876e-01,1.000000000000000000e+00
-1.461532367970000079e+00,-1.464441718060000008e+00,0.000000000000000000e+00
-4.808197712230000143e-02,1.170879164720000087e+00,1.000000000000000000e+00
4.884941770210000089e-01,-4.296972606289999885e-01,0.000000000000000000e+00
-1.656278590999999967e-01,1.484978360479999981e+00,1.000000000000000000e+00
1.819362033690000047e+00,-2.270273001980000149e+00,0.000000000000000000e+00
1.344014701419999902e+00,-1.325404273339999994e+00,0.000000000000000000e+00
-3.237203214280000019e-01,1.244795971730000006e-01,1.000000000000000000e+00
-8.954065033970000087e-01,-1.351526027860000090e+00,0.000000000000000000e+00
-1.590476251199999913e+00,-8.425490035079999940e-01,0.000000000000000000e+00
5.611023065800000431e-01,-6.397334623849999513e-01,0.000000000000000000e+00
-8.910648510580000681e-02,9.602157721209999552e-01,1.000000000000000000e+00
-1.536713865789999911e+00,-1.093619405409999912e+00,0.000000000000000000e+00
-1.017537386219999895e+00,-1.062809743849999933e+00,0.000000000000000000e+00
6.930194068989999900e-01,-5.995315037039999906e-01,0.000000000000000000e+00
3.000498479590000059e-02,-3.969018718489999986e-01,0.000000000000000000e+00
-6.036628163999999824e-03,5.675925985499999937e-01,1.000000000000000000e+00
-8.719292175530000133e-01,-7.285117240120000393e-01,0.000000000000000000e+00
1.342144861720000026e+00,-9.565355703090000494e-01,0.000000000000000000e+00
-1.182261633430000014e+00,-1.479806157190000082e+00,0.000000000000000000e+00
1.072747958069999896e+00,-1.171570500050000074e+00,0.000000000000000000e+00
-2.232404782119999931e-01,7.246265736000000457e-01,1.000000000000000000e+00
-9.147438356440000529e-02,4.856688546240000015e-01,1.000000000000000000e+00
1.235580300410000110e+00,1.120462581259999979e+00,1.000000000000000000e+00
-1.253864031990000072e+00,6.606214827349999874e-01,1.000000000000000000e+00
5.290080168699999863e-01,1.056412266139999945e+00,1.000000000000000000e+00
7.831497530809999885e-01,-2.648273822889999907e-01,0.000000000000000000e+00
9.275468027209999855e-01,1.204687525109999990e+00,1.000000000000000000e+00
-5.911538486970000505e-01,5.687656061879999836e-01,1.000000000000000000e+00
1.412542335910000002e+00,-1.265662940959999982e+00,0.000000000000000000e+00
1.056174146380000067e+00,-1.676601942620000063e+00,0.000000000000000000e+00
5.341318633749999600e-01,8.452541401770000129e-02,0.000000000000000000e+00
-1.102461459099999930e+00,-7.734488107829999848e-01,0.000000000000000000e+00
9.895385399199999599e-01,2.553945308339999887e-01,1.000000000000000000e+00
-1.451542319669999914e+00,-1.211834689220000039e+00,0.000000000000000000e+00
-1.025338113010000107e+00,5.484076553090000417e-01,0.000000000000000000e+00
-1.632698763849999901e+00,8.332652281860000176e-01,1.000000000000000000e+00
2.306887086949999943e-01,1.791089164480000051e-01,1.000000000000000000e+00
1.521725252370000003e+00,6.314649385480000099e-01,1.000000000000000000e+00
1.281185854300000093e+00,6.289965005059999781e-01,1.000000000000000000e+00
9.499924288400000139e-01,-1.094527737029999948e+00,0.000000000000000000e+00
1.885180043140000095e+00,-1.567143438160000013e+00,0.000000000000000000e+00
-4.964763195559999953e-02,9.272066361390000067e-01,1.000000000000000000e+00
5.142558544769999518e-01,-1.454605014660000029e+00,0.000000000000000000e+00
3.246807153719999950e-01,8.043780988149999978e-01,1.000000000000000000e+00
4.599962152229999934e-01,-5.690124088219999932e-01,0.000000000000000000e+00
1.513970217720000067e+00,7.376179229060000342e-01,1.000000000000000000e+00
1.521513386599999906e+00,-1.270806400159999905e+00,0.000000000000000000e+00
-1.167426153409999889e+00,7.209311338099999578e-01,1.000000000000000000e+00
3.875001677259999888e-01,-5.741787321150000345e-01,0.000000000000000000e+00
6.455357097909999453e-01,-3.652162596110000159e-01,0.000000000000000000e+00
1.180366612200000054e+00,-3.175108713229999879e-01,1.000000000000000000e+00
-1.531049511920000050e+00,-7.245321266049999931e-01,0.000000000000000000e+00
-1.089766330260000027e+00,7.083785917270000176e-01,1.000000000000000000e+00
9.732323911610000211e-01,7.352318537759999773e-01,1.000000000000000000e+00
-1.743670681810000067e+00,-1.556396127840000032e+00,0.000000000000000000e+00
6.919450019889999970e-01,-8.919442029390000082e-01,0.000000000000000000e+00
-1.451160810440000004e+00,-1.295265717779999992e+00,0.000000000000000000e+00
1.859340467830000065e+00,-1.949149298120000040e+00,0.000000000000000000e+00
-8.211645604199999671e-01,-1.259878438159999892e+00,0.000000000000000000e+00
1.807684957960000061e+00,-1.777143222969999936e+00,0.000000000000000000e+00
1.437729970899999987e+00,1.528226089620000061e-01,1.000000000000000000e+00
1.484478402489999960e+00,-1.591774933750000010e+00,0.000000000000000000e+00
1.644338063050000132e-01,1.128771166209999954e+00,1.000000000000000000e+00
-1.084308002390000025e+00,5.575204976859999828e-01,1.000000000000000000e+00
6.730173831939999518e-01,1.157240144830000039e+00,1.000000000000000000e+00
1.850048636279999936e+00,-1.860284457839999961e+00,0.000000000000000000e+00
2.660702062329999840e-01,-5.077224259439999665e-01,0.000000000000000000e+00
-4.038879175789999998e-01,2.889196548329999725e-01,1.000000000000000000e+00
1.380115600379999974e-01,-8.437546631770000138e-02,0.000000000000000000e+00
1.120303693799999945e+00,6.837389067960000233e-01,1.000000000000000000e+00
9.584602341999999553e-02,1.435103862899999916e+00,1.000000000000000000e+00
8.437206379739999873e-01,5.704471022599999497e-01,1.000000000000000000e+00
4.281953763519999630e-03,-6.022287948710000061e-01,0.000000000000000000e+00
1.243399233629999934e+00,9.015468154689999514e-01,1.000000000000000000e+00
-2.986096664260000089e-01,-4.997042216270000115e-01,0.000000000000000000e+00
-8.572800426250000161e-01,-6.895173043770000398e-02,1.000000000000000000e+00
6.616233748430000450e-01,6.155994085429999929e-01,1.000000000000000000e+00
6.862919152990000216e-01,1.042239892670000057e+00,1.000000000000000000e+00
1.154267263669999932e-01,4.919498961569999940e-02,1.000000000000000000e+00
4.910331222839999787e-01,-7.834939355400000194e-01,0.000000000000000000e+00
9.025657991690000381e-01,1.090259620659999928e+00,1.000000000000000000e+00
-1.544920788109999998e+00,-1.068062802750000095e+00,0.000000000000000000e+00
4.444670709940000131e-01,4.253966229999999737e-01,1.000000000000000000e+00
1.039028975109999919e+00,-7.873480105660000117e-01,0.000000000000000000e+00
6.892123544460000417e-01,-3.421616867430000153e-01,0.000000000000000000e+00
9.157427590919999805e-01,-1.319663912009999995e+00,0.000000000000000000e+00
9.920830792620000116e-01,7.691474373569999745e-01,1.000000000000000000e+00
-1.513794429010000053e+00,1.114957572920000084e+00,1.000000000000000000e+00
1.525484859120000092e+00,-1.368223706800000050e+00,0.000000000000000000e+00
-1.040811841230000034e+00,-8.818980109699999792e-01,0.000000000000000000e+00
-1.664074399650000036e+00,-9.824823590469999868e-01,0.000000000000000000e+00
8.206603963149999847e-01,1.230082083639999935e+00,1.000000000000000000e+00
-1.328721093570000011e+00,-9.802918743449999806e-01,0.000000000000000000e+00
1.718137727560000050e+00,-1.660573259299999993e+00,0.000000000000000000e+00
-1.300186902429999902e+00,6.688147452679999994e-01,1.000000000000000000e+00
-1.338277321350000104e+00,-7.761853371720000005e-01,0.000000000000000000e+00
-1.800064413749999925e+00,-1.133623021950000087e+00,0.000000000000000000e+00
8.982505166609999758e-01,-5.055799197189999594e-01,0.000000000000000000e+00
5.659431256570000013e-01,-4.624500903029999943e-01,0.000000000000000000e+00
4.189784587579999803e-02,6.890845794909999933e-01,1.000000000000000000e+00
1.848468656539999921e+00,6.881193280849999816e-01,1.000000000000000000e+00
2.119961329920000137e-01,-2.138394464729999889e-01,0.000000000000000000e+00
-8.075069480819999646e-01,-3.257730454939999909e-01,1.000000000000000000e+00
8.171987674489999964e-01,-1.267213987309999901e+00,0.000000000000000000e+00
1.403345699690000004e+00,-9.023599100229999781e-01,0.000000000000000000e+00
-1.238882193150000033e+00,-4.652393405529999804e-01,1.000000000000000000e+00
-1.230706252190000072e+00,-9.818013311199999538e-02,1.000000000000000000e+00
1.576141123420000012e+00,-1.429260311099999958e+00,0.000000000000000000e+00
6.184836179839999781e-01,8.908087610329999961e-01,1.000000000000000000e+00
-1.141190695709999980e+00,-8.921213995550000275e-01,0.000000000000000000e+00
1.446895113559999890e+00,-1.460887449029999896e+00,0.000000000000000000e+00
1.862755087269999943e-01,8.053044309769999964e-01,1.000000000000000000e+00
2.308173583199999990e-01,-1.031083971099999996e-01,1.000000000000000000e+00
1.770887851719999961e+00,-1.595212525730000053e+00,0.000000000000000000e+00
1.701206789220000015e+00,-1.882542611749999928e+00,0.000000000000000000e+00
1.430539533959999998e+00,-1.686687765789999904e+00,0.000000000000000000e+00
-1.407029066610000045e+00,-1.129775921790000082e+00,0.000000000000000000e+00
-1.499738230069999956e+00,-1.223973814560000095e+00,0.000000000000000000e+00
-1.493283521379999979e+00,-8.382735144380000225e-01,0.000000000000000000e+00
1.955689467570000062e+00,-1.496401908850000018e+00,0.000000000000000000e+00
1.667666414759999993e+00,-1.506672596800000097e+00,0.000000000000000000e+00
9.243891958729999470e-01,1.469907623389999918e+00,1.000000000000000000e+00
1.577411596939999994e+00,-1.528745837860000061e-02,1.000000000000000000e+00
-1.448357904120000095e+00,5.257146459560000373e-01,1.000000000000000000e+00
2.693506424350000095e-01,-4.179088229039999991e-01,1.000000000000000000e+00
8.216524862790000050e-01,8.219688776110000150e-01,1.000000000000000000e+00
1.412970393699999994e+00,-1.326630471369999897e+00,0.000000000000000000e+00
1.744462619929999958e+00,-1.564507309819999969e+00,0.000000000000000000e+00
8.672056688999999485e-01,3.914090873800000203e-01,1.000000000000000000e+00
1.563514002830000083e+00,1.143102239689999911e+00,1.000000000000000000e+00
-1.730822454579999947e+00,-6.089547200729999998e-01,0.000000000000000000e+00
-7.367369557759999577e-01,9.539066178399999707e-01,1.000000000000000000e+00
4.137462412790000044e-01,5.407250537300000159e-01,1.000000000000000000e+00
1.980334256809999915e-01,1.497117483450000064e+00,1.000000000000000000e+00
8.221826434019999796e-01,-1.232313222269999953e+00,0.000000000000000000e+00
1.745171008390000056e+00,1.272166000659999963e+00,1.000000000000000000e+00
-1.374031474119999929e+00,3.339483706599999935e-01,1.000000000000000000e+00
1.914929561919999967e+00,-1.816772684240000046e+00,0.000000000000000000e+00
8.717128526009999545e-01,-1.164045651419999938e+00,0.000000000000000000e+00
-3.317258012629999975e-01,-7.599921226989999612e-01,0.000000000000000000e+00
7.290012040879999544e-01,5.452945758410000510e-01,1.000000000000000000e+00
1.769253023150000104e+00,-1.102810297600000045e+00,0.000000000000000000e+00
2.995394045909999803e-01,1.490708381399999949e+00,1.000000000000000000e+00
6.794153341049999906e-01,-6.023511814399999942e-01,0.000000000000000000e+00
1.025148407889999946e+00,-9.475716427910000350e-01,0.000000000000000000e+00
7.360648020059999963e-01,1.177676704990000101e+00,1.000000000000000000e+00
5.415208172879999449e-01,-7.233135307650000456e-01,0.000000000000000000e+00
-1.792441432670000001e+00,8.013309472920000509e-01,1.000000000000000000e+00
-1.126611858640000019e+00,-1.204940787399999991e+00,0.000000000000000000e+00
3.788062114110000295e-02,-9.426267406639999846e-01,0.000000000000000000e+00
2.539675930529999848e-01,-5.517619369659999551e-01,1.000000000000000000e+00
-1.635458809439999994e+00,-1.585889166559999897e+00,0.000000000000000000e+00
6.772225821440000515e-02,-6.863852139330000046e-01,0.000000000000000000e+00
1.354691055460000015e+00,-2.125995919710000071e-01,0.000000000000000000e+00
3.638098161800000230e-01,-2.380812779869999896e-01,0.000000000000000000e+00
1.086347185509999980e+00,-1.346848772239999992e+00,0.000000000000000000e+00
9.304331918089999709e-01,-7.909028979640000401e-01,0.000000000000000000e+00
1.997228459139999968e-01,-9.738231430010000356e-01,0.000000000000000000e+00
5.326196244340000163e-01,1.235907584390000036e+00,1.000000000000000000e+00
4.107260601920000032e-02,1.286598095750000059e+00,1.000000000000000000e+00
1.702869575610000075e+00,-1.492049159770000077e+00,0.000000000000000000e+00
9.649153501460000504e-01,5.139502379439999658e-01,1.000000000000000000e+00
-1.483092356420000035e+00,7.198900506480000461e-01,1.000000000000000000e+00
-1.612174883270000025e+00,-1.207069494780000030e+00,0.000000000000000000e+00
-1.961130510680000105e+00,1.163273222299999965e+00,1.000000000000000000e+00
4.963240343940000243e-01,-7.514059864759999874e-01,0.000000000000000000e+00
-4.476260403110000063e-01,-1.031473547410000080e+00,0.000000000000000000e+00
6.504201275680000505e-01,1.422295983990000012e+00,1.000000000000000000e+00
-5.286056911190000207e-01,-1.836902750219999936e+00,0.000000000000000000e+00
2.698619515069999863e-01,7.818318621380000444e-01,1.000000000000000000e+00
1.607897592120000052e+00,-1.891533486399999964e-01,1.000000000000000000e+00
-1.274203200749999931e+00,1.141253151729999971e+00,1.000000000000000000e+00
9.107358865829999761e-01,-4.452952011099999829e-01,0.000000000000000000e+00
1.726006592200000078e+00,1.454945187519999905e+00,1.000000000000000000e+00
1.084676711369999991e+00,-9.719530704750000139e-01,0.000000000000000000e+00
1.458672828619999917e+00,-2.035259297770000142e+00,0.000000000000000000e+00
1.222193641979999912e+00,8.279642685100000454e-01,1.000000000000000000e+00
1.526022247400000031e+00,7.526702146270000116e-01,1.000000000000000000e+00
2.529756232959999851e-01,1.127166268170000096e+00,1.000000000000000000e+00
-1.034927510249999960e+00,-8.503803942500000324e-02,1.000000000000000000e+00
7.393423884709999783e-01,-3.015490369230000023e-01,1.000000000000000000e+00
-7.400884967460000241e-02,-2.405387704810000027e-01,0.000000000000000000e+00
4.243859277079999742e-02,3.697878728230000189e-01,1.000000000000000000e+00
7.972536626259999482e-01,-1.345619961389999952e+00,0.000000000000000000e+00
1.236533970079999989e+00,-1.098047496419999991e+00,0.000000000000000000e+00
1.131889277730000032e+00,2.638085106410000269e-01,1.000000000000000000e+00
9.882860177860000039e-01,7.002303254299999669e-01,1.000000000000000000e+00
1.341917093119999960e+00,7.276661820569999550e-01,1.000000000000000000e+00
6.634147171659999787e-01,3.838363363080000146e-01,1.000000000000000000e+00
1.249960543690000092e+00,-7.646230274299999907e-01,0.000000000000000000e+00
-1.375373039230000094e+00,-1.559661770970000028e-02,0.000000000000000000e+00
-3.399326271109999742e-01,-4.548753328280000230e-01,1.000000000000000000e+00
2.172832709789999928e-01,-2.339080174819999913e-01,0.000000000000000000e+00
-6.135598905870000008e-01,-3.783448264609999834e-01,0.000000000000000000e+00
-1.501204942129999997e+00,1.398534639119999978e+00,1.000000000000000000e+00
-1.554860402949999942e+00,2.280313117720000060e-01,1.000000000000000000e+00
3.358209581550000156e-01,-5.177193612860000321e-02,0.000000000000000000e+00
1.027250183870000111e+00,7.071957572879999931e-01,1.000000000000000000e+00
1.051708183389999940e+00,-9.881756281560000188e-02,1.000000000000000000e+00
1.201894914910000001e+00,-1.509140935880000089e+00,0.000000000000000000e+00
1.291719467030000068e+00,-1.219920300310000094e+00,0.000000000000000000e+00
9.575130101750000122e-01,1.337410576639999960e+00,1.000000000000000000e+00
4.949318672040000089e-01,1.270666317090000108e+00,1.000000000000000000e+00
1.786860300330000095e+00,-1.520588846759999946e+00,0.000000000000000000e+00
-1.692302442159999920e+00,-4.548309969860000329e-02,1.000000000000000000e+00
-5.311660559280000360e-01,-1.470786365039999932e+00,0.000000000000000000e+00
-1.034911106620000076e+00,1.098710587270000039e+00,1.000000000000000000e+00
-1.599631008250000042e+00,6.190435420650000076e-01,1.000000000000000000e+00
1.127312453400000081e+00,-1.584579301200000012e+00,0.000000000000000000e+00
3.916126357029999783e-01,-7.517393673669999776e-01,0.000000000000000000e+00
1.708895419450000008e-01,-1.372778407430000014e+00,0.000000000000000000e+00
9.855169144969999628e-01,-1.228765346369999900e+00,0.000000000000000000e+00
1.148905173049999950e-01,-8.155358951540000456e-01,0.000000000000000000e+00
3.754002674949999951e-01,-3.818106636629999828e-01,1.000000000000000000e+00
1.370853943860000035e+00,-2.921088462879999903e-01,1.000000000000000000e+00
-3.663698059830000076e-01,-8.290111304289999872e-01,0.000000000000000000e+00
-1.751442787380000032e+00,1.317686585519999953e+00,1.000000000000000000e+00
9.323851328990000464e-01,-1.123733263100000102e+00,0.000000000000000000e+00
-1.353580778590000033e+00,5.506150403089999923e-01,1.000000000000000000e+00
-1.512177945469999896e-01,8.794458362859999823e-02,1.000000000000000000e+00
-9.855066051669999494e-01,-1.170226601530000021e+00,0.000000000000000000e+00
7.667893278730000262e-01,1.208900757509999924e+00,1.000000000000000000e+00
-6.807061291260000369e-01,-5.284253996829999522e-01,0.000000000000000000e+00
1.524769964599999916e+00,8.356846986570000135e-01,1.000000000000000000e+00
-5.090406504840000457e-01,-7.879948557289999655e-01,0.000000000000000000e+00
1.772872802550000015e+00,-1.894428091370000011e+00,0.000000000000000000e+00
1.139974966160000047e+00,2.409413340459999886e-01,1.000000000000000000e+00
1.227030240780000003e+00,1.491204120429999946e+00,1.000000000000000000e+00
1.096506015979999971e+00,-1.365154241259999957e+00,0.000000000000000000e+00
-1.600175506850000096e+00,-1.307584687130000090e+00,0.000000000000000000e+00
1.032347798090000046e-01,1.251140492640000046e+00,1.000000000000000000e+00
-5.864113248479999596e-01,1.336178624720000041e+00,1.000000000000000000e+00
8.854072863049999853e-01,7.433312380209999848e-01,1.000000000000000000e+00
5.502835453019999656e-01,-8.353280759600000271e-01,0.000000000000000000e+00
4.669292627609999968e-01,6.611619087750000290e-01,1.000000000000000000e+00
9.569009467550000647e-02,-5.692749041619999950e-01,0.000000000000000000e+00
7.257407726150000293e-01,-8.157996285830000360e-01,0.000000000000000000e+00
-7.374200652400000333e-01,-6.197204785779999447e-01,0.000000000000000000e+00
4.622223554620000230e-01,8.930812657109999941e-01,1.000000000000000000e+00
1.427029173050000099e-01,-5.847870928859999484e-01,0.000000000000000000e+00
1.240002042260000001e-03,3.958074794049999956e-01,1.000000000000000000e+00
1.049727304289999941e+00,-8.284534259189999528e-01,0.000000000000000000e+00
-1.930743831700000079e+00,-5.016375494820000114e-01,1.000000000000000000e+00
-1.298594492619999929e+00,-3.743269216780000241e-01,1.000000000000000000e+00
-1.550244712030000027e-01,-1.130252256599999949e+00,0.000000000000000000e+00
-1.587499805079999993e+00,-5.276880419589999871e-01,0.000000000000000000e+00
7.730903980390000374e-01,-6.805984115730000505e-01,0.000000000000000000e+00
1.942251112559999937e+00,-4.123500578709999864e-01,0.000000000000000000e+00
1.332479416900000047e+00,2.052344935290000005e-01,1.000000000000000000e+00
-2.164433140879999939e-01,-1.111025210820000053e+00,0.000000000000000000e+00
3.035087491019999861e-01,-3.114417100960000240e-01,0.000000000000000000e+00
8.098070446739999984e-01,-3.705498924189999932e-01,0.000000000000000000e+00
5.534393569659999956e-01,5.447830787030000232e-01,1.000000000000000000e+00
7.508611908540000490e-01,-9.648926059300000357e-01,0.000000000000000000e+00
-1.030345689000000009e+00,1.317052426650000108e+00,1.000000000000000000e+00
5.450004149860000480e-01,-1.247679743660000007e+00,0.000000000000000000e+00
-1.701659822589999926e+00,-7.181057909000000405e-01,0.000000000000000000e+00
-1.604004778279999988e+00,-1.076868124830000051e+00,0.000000000000000000e+00
-6.261454580680000381e-01,-7.849764397970000473e-01,0.000000000000000000e+00
8.624574874989999751e-01,5.558706997579999642e-01,1.000000000000000000e+00
-2.974461079879999748e-01,2.552911802339999925e-01,0.000000000000000000e+00
8.678692278980000285e-01,-8.352132054909999770e-01,0.000000000000000000e+00
4.643285610680000230e-01,-1.540658748029999914e-01,0.000000000000000000e+00
-8.110916359550000010e-01,2.118567039020000098e-01,1.000000000000000000e+00
-9.396708743780000095e-01,-6.756152088869999961e-01,0.000000000000000000e+00
-1.541093107900000092e+00,-1.019592357889999912e+00,0.000000000000000000e+00
-1.702188621969999982e-01,1.093467103869999901e+00,1.000000000000000000e+00
5.546671417249999791e-01,-6.437907837780000309e-01,1.000000000000000000e+00
-1.657132067869999892e+00,8.911563436549999606e-01,1.000000000000000000e+00
-8.498354734130000310e-01,7.832769991569999979e-01,1.000000000000000000e+00
4.593462468660000075e-01,-2.145503343050000067e-01,0.000000000000000000e+00
-2.638161578670000090e-02,-7.180394728069999788e-02,0.000000000000000000e+00
-5.819713247350000174e-01,1.037389156459999962e+00,1.000000000000000000e+00
5.555925253689999455e-01,1.446329503719999909e+00,1.000000000000000000e+00
1.019243174379999894e+00,1.160372434980000006e-01,1.000000000000000000e+00
-8.485674380900000147e-01,8.047765262680000031e-01,1.000000000000000000e+00
-8.802813553220000253e-01,9.454543168829999678e-01,1.000000000000000000e+00
-1.614477572860000043e+00,1.119999205789999897e+00,1.000000000000000000e+00
2.146712622839999918e-01,5.390557652859999660e-01,1.000000000000000000e+00
-2.140501329479999881e-01,-1.861577650060000089e-01,0.000000000000000000e+00
9.547359929780000476e-01,1.376084530420000007e+00,1.000000000000000000e+00
1.638315664350000089e+00,-1.263109959769999957e+00,0.000000000000000000e+00
2.649416831429999841e-01,3.640960924150000305e-02,0.000000000000000000e+00
-1.914826154680000059e+00,-1.070602405220000053e+00,0.000000000000000000e+00
4.580971145370000275e-01,8.933035460510000414e-01,1.000000000000000000e+00
-1.501314392180000068e+00,-1.213271615560000072e+00,0.000000000000000000e+00
1.332920385320000012e+00,-1.411089623280000094e+00,0.000000000000000000e+00
-1.986282979550000105e+00,5.983096644850000034e-01,1.000000000000000000e+00
-8.593882123730000044e-01,1.306471653770000074e+00,1.000000000000000000e+00
1.053646970329999988e+00,1.130491354839999962e+00,1.000000000000000000e+00
-9.392443983020000164e-01,-8.224129509750000011e-01,0.000000000000000000e+00
1.407167967680000020e-01,-3.103600038839999797e-01,0.000000000000000000e+00
5.311437257700000192e-01,-6.396889283209999943e-01,0.000000000000000000e+00
1.199764763059999906e+00,8.667521715729999965e-01,1.000000000000000000e+00
-1.833166496220000052e+00,-1.038465654669999960e+00,0.000000000000000000e+00
-1.270174370179999901e+00,-3.872574924930000106e-01,1.000000000000000000e+00
-1.264027020809999957e+00,-8.851976339529999960e-01,0.000000000000000000e+00
7.873946196240000361e-01,-1.179218568030000025e+00,0.000000000000000000e+00
-1.874265874519999986e-01,9.276353867709999923e-01,1.000000000000000000e+00
1.845763615749999920e+00,-1.224101926249999917e+00,0.000000000000000000e+00
-7.675461313270000030e-01,1.301141352399999951e+00,1.000000000000000000e+00
-1.590369137169999947e+00,1.116411035050000056e+00,1.000000000000000000e+00
2.492785079700000073e-01,-2.601535458700000025e-01,0.000000000000000000e+00
-4.334961799459999959e-02,2.247590377570000131e-01,0.000000000000000000e+00
3.513979187299999807e-01,-4.022086452329999839e-01,0.000000000000000000e+00
-1.240591021560000007e+00,-1.695359321860000046e+00,0.000000000000000000e+00
-7.147638135410000482e-01,-1.136585506709999915e+00,0.000000000000000000e+00
1.297606046829999915e+00,1.045722558130000035e+00,1.000000000000000000e+00
-5.058293687610000422e-01,1.304921445289999982e+00,1.000000000000000000e+00
1.035122952750000026e-02,-1.359298029159999865e-01,0.000000000000000000e+00
1.019898322880000041e+00,-1.277383931489999958e+00,0.000000000000000000e+00
5.161275974540000533e-01,-2.226500525590000001e-01,0.000000000000000000e+00
-1.907137757409999912e+00,-7.773738948799999715e-01,0.000000000000000000e+00
1.522251267169999922e+00,5.233302674359999740e-01,1.000000000000000000e+00
-2.345176273869999939e-01,-6.993135176689999621e-01,0.000000000000000000e+00
1.974094866960000028e+00,9.973577451249999726e-01,1.000000000000000000e+00
1.171282504889999965e+00,-8.281173176789999868e-01,0.000000000000000000e+00
-1.805703849919999993e+00,-1.699804565310000015e+00,0.000000000000000000e+00
-1.372770660050000036e+00,-6.907511442499999488e-01,0.000000000000000000e+00
3.642117169130000276e-01,-1.133422079750000089e+00,0.000000000000000000e+00
8.954053936359999966e-02,-1.572725544549999910e-01,0.000000000000000000e+00
1.458544266599999917e+00,1.045786817089999987e+00,1.000000000000000000e+00
8.546238460139999882e-01,-4.098911043299999779e-01,0.000000000000000000e+00
-1.907689036000000060e+00,9.473670462050000074e-01,1.000000000000000000e+00
-1.649907527939999952e+00,-1.297608759320000082e+00,0.000000000000000000e+00
1.588829804790000022e+00,-1.343994940650000025e+00,0.000000000000000000e+00
1.150131987720000026e+00,8.750012530049999793e-01,1.000000000000000000e+00
1.508952743849999889e+00,4.124215706189999775e-01,1.000000000000000000e+00
-7.585546501990000356e-01,3.248319500310000163e-01,1.000000000000000000e+00
-1.058745934679999889e+00,-8.429212243670000104e-01,0.000000000000000000e+00
-1.402878407600000044e+00,1.240674569210000078e+00,1.000000000000000000e+00
-1.669525269370000009e+00,-7.438531585519999600e-01,0.000000000000000000e+00
-1.731767866780000054e+00,-1.211232437000000051e+00,0.000000000000000000e+00
1.850356422029999948e+00,-1.490438605780000092e+00,0.000000000000000000e+00
6.913554455789999720e-01,-9.680197544359999684e-01,0.000000000000000000e+00
1.302388766300000000e+00,1.362357996330000043e-01,1.000000000000000000e+00
2.641768362620000032e-01,4.282833261810000125e-01,1.000000000000000000e+00
9.121772326649999485e-01,9.880834165030000227e-01,1.000000000000000000e+00
-1.631937055340000109e+00,6.500095013019999701e-01,1.000000000000000000e+00
1.421397808740000102e+00,1.264527979919999989e+00,1.000000000000000000e+00
1.330977491300000093e+00,-4.300725380260000258e-02,1.000000000000000000e+00
-1.612054372280000036e+00,6.229365698750000124e-01,1.000000000000000000e+00
-3.634328455399999935e-01,7.354782926120000397e-01,1.000000000000000000e+00
1.397887311899999929e+00,-1.570789071050000096e+00,0.000000000000000000e+00
5.762346328980000321e-01,-1.443313554700000056e-02,1.000000000000000000e+00
1.742094730820000104e+00,9.676493252590000482e-01,1.000000000000000000e+00
1.691084258190000078e+00,-1.776132363979999962e+00,0.000000000000000000e+00
1.272154964959999912e+00,9.269535812429999799e-01,1.000000000000000000e+00
1.389800687079999930e+00,-1.331936774209999896e+00,0.000000000000000000e+00
6.992613619630000388e-01,-4.053011758039999912e-01,0.000000000000000000e+00
4.694577336240000065e-01,1.420717512169999974e+00,1.000000000000000000e+00
-3.329920130390000010e-01,-9.554132675609999792e-01,0.000000000000000000e+00
1.596252946709999954e+00,1.281206254250000010e+00,1.000000000000000000e+00
3.450237717990000119e-01,-6.297010570679999475e-01,0.000000000000000000e+00
-1.635788373670000073e+00,7.826041910659999878e-01,1.000000000000000000e+00
-1.116083636639999987e+00,5.274446342870000096e-03,1.000000000000000000e+00
-4.834157638209999885e-01,1.319799102930000023e+00,1.000000000000000000e+00
1.081830454779999950e+00,1.401144910980000047e+00,1.000000000000000000e+00
2.858673013699999932e-02,-2.579480827949999777e-01,0.000000000000000000e+00
5.575835480159999635e-01,6.527508663809999945e-01,1.000000000000000000e+00
1.125475338770000056e+00,-1.133856383009999913e+00,0.000000000000000000e+00
1.576884893129999909e+00,-1.432779785189999933e+00,0.000000000000000000e+00
6.656905195569999822e-01,-7.024970468979999660e-01,0.000000000000000000e+00
1.022526167299999900e+00,-1.192814415449999998e+00,0.000000000000000000e+00
-1.060887677720000033e+00,2.258787284759999903e-02,1.000000000000000000e+00
-4.398434230400000144e-01,-1.713991745249999976e+00,0.000000000000000000e+00
1.398587188859999955e-02,-1.496987799140000019e+00,0.000000000000000000e+00
3.865810482100000001e-01,-6.095734418479999972e-01,0.000000000000000000e+00
1.774898029070000050e+00,7.532833137579999505e-01,1.000000000000000000e+00
-7.928588969559999811e-01,-9.112944195180000539e-01,0.000000000000000000e+00
1.347564461409999970e+00,8.118268479560000195e-01,1.000000000000000000e+00
1.402474760080000049e+00,-1.364723040000000109e+00,0.000000000000000000e+00
-3.004635131160000028e-01,1.140317874790000019e+00,1.000000000000000000e+00
-1.193662098639999947e+00,8.995380988690000468e-01,1.000000000000000000e+00
2.558680996830000054e-01,-6.429828545350000368e-01,0.000000000000000000e+00
9.635653490559999979e-01,-8.701568664359999872e-01,0.000000000000000000e+00
1.154457341210000099e+00,9.073904764350000374e-01,1.000000000000000000e+00
-1.015491814480000032e+00,-5.902757201270000254e-01,0.000000000000000000e+00
8.430428730160000050e-01,5.978082496230000542e-01,1.000000000000000000e+00
5.874584288669999488e-01,-6.490810529360000469e-01,0.000000000000000000e+00
1.582830877249999935e+00,-9.762574022259999929e-01,0.000000000000000000e+00
5.189216153750000338e-01,5.662676441870000410e-01,1.000000000000000000e+00
-3.402222231379999906e-01,6.090985208810000273e-01,1.000000000000000000e+00
1.088445690949999989e+00,4.524439259749999942e-01,1.000000000000000000e+00
1.744004409059999983e+00,1.400937303879999929e+00,1.000000000000000000e+00
-4.816707552030000117e-02,-1.245853794849999946e-01,0.000000000000000000e+00
-1.096491279729999935e+00,-1.876776276810000033e+00,0.000000000000000000e+00
-1.756834591000000056e+00,-1.377985907230000029e+00,0.000000000000000000e+00
-1.247258085769999969e+00,-1.098657690470000059e+00,0.000000000000000000e+00
-1.465873784220000031e+00,8.978265673249999912e-01,1.000000000000000000e+00
-2.686753420829999794e-01,1.388823819700000017e+00,1.000000000000000000e+00
-1.913900302879999904e+00,1.238266040460000106e+00,1.000000000000000000e+00
-9.740731032899999642e-01,9.018742524299999674e-01,1.000000000000000000e+00
-4.918240182229999813e-01,9.523321595170000098e-01,1.000000000000000000e+00
-1.475379100819999900e+00,-1.378908582350000023e+00,0.000000000000000000e+00
6.898884695979999593e-02,1.256698087820000032e+00,1.000000000000000000e+00
1.407025937630000056e+00,-1.012622198949999941e+00,0.000000000000000000e+00
1.316323735839999953e+00,-8.132184518520000349e-01,0.000000000000000000e+00
-1.882454559439999953e+00,-6.916230874290000274e-01,0.000000000000000000e+00
-1.917820684719999891e+00,-1.547094737069999892e+00,0.000000000000000000e+00
1.120058907260000014e+00,-9.619004796510000066e-01,0.000000000000000000e+00
1.230799649589999989e+00,-1.600920962870000075e+00,0.000000000000000000e+00
1.808656150010000019e+00,-2.105201413020000079e+00,0.000000000000000000e+00
1.787530567849999974e+00,1.028827982790000012e-01,1.000000000000000000e+00
7.120705865269999491e-01,-3.145045327609999886e-01,0.000000000000000000e+00
-3.827849283089999888e-02,1.316291357879999957e+00,1.000000000000000000e+00
-1.340380397079999897e+00,-1.300870620610000028e+00,0.000000000000000000e+00
-5.134566225829999553e-01,1.918101748770000003e-01,1.000000000000000000e+00
1.867949698629999933e+00,-1.668714247919999893e+00,0.000000000000000000e+00
8.154412293230000053e-01,-1.380990573330000082e+00,0.000000000000000000e+00
-9.184712108810000331e-01,9.828906164339999973e-01,1.000000000000000000e+00
6.729691507839999920e-01,1.189420137089999940e+00,1.000000000000000000e+00
1.019920228649999983e+00,1.125473817250000064e+00,1.000000000000000000e+00
2.403803023880000111e-01,-4.196958899920000263e-02,0.000000000000000000e+00
1.286997326769999894e+00,-1.288444052660000061e+00,0.000000000000000000e+00
9.889367215300000069e-01,-5.421647167419999525e-01,0.000000000000000000e+00
1.087552548099999905e+00,-1.483201336780000101e+00,0.000000000000000000e+00
1.653690056869999925e+00,-2.049430139150000052e+00,0.000000000000000000e+00
1.611864615520000044e+00,6.092336705840000199e-01,1.000000000000000000e+00
-1.200656974099999941e+00,-1.038616365550000031e+00,0.000000000000000000e+00
4.254405812889999750e-01,1.297743666819999975e+00,1.000000000000000000e+00
2.041182957819999977e-01,-1.117602106649999927e+00,0.000000000000000000e+00
4.465056443390000296e-02,5.648962292139999564e-01,1.000000000000000000e+00
-1.534215545109999912e+00,1.355860321290000003e+00,1.000000000000000000e+00
1.192819141400000005e+00,1.156045947450000000e+00,1.000000000000000000e+00
-1.157329800310000101e+00,5.749064876620000319e-01,1.000000000000000000e+00
7.222336982189999643e-01,-1.893661137479999979e-01,0.000000000000000000e+00
-1.244767417450000080e+00,1.055802799649999901e+00,1.000000000000000000e+00
1.295568960300000017e+00,1.189027188879999919e+00,1.000000000000000000e+00
-6.881047170190000006e-01,-1.924467155679999930e+00,0.000000000000000000e+00
-3.441628801539999838e-01,8.253448348670000545e-01,1.000000000000000000e+00
1.120325507600000048e+00,-9.554050902880000251e-01,0.000000000000000000e+00
7.599580754410000250e-01,9.511255076260000108e-01,1.000000000000000000e+00
1.529422438599999934e+00,1.038363047020000041e+00,1.000000000000000000e+00
-1.288681003920000068e+00,3.178645225039999911e-01,1.000000000000000000e+00
5.095629812519999469e-01,-5.441764567100000338e-01,0.000000000000000000e+00
9.295756113580000424e-01,1.417780384669999894e+00,1.000000000000000000e+00
-9.992669453770000043e-01,2.856517132229999811e-01,1.000000000000000000e+00
-1.766229182850000079e+00,-1.363647544460000027e+00,0.000000000000000000e+00
9.944329365220000438e-01,4.337462443940000023e-01,1.000000000000000000e+00
-1.149100855159999934e+00,-1.206577824730000081e+00,0.000000000000000000e+00
1.378541113440000077e+00,1.490270284419999980e+00,1.000000000000000000e+00
-7.128404051869999813e-01,4.245111258939999743e-01,1.000000000000000000e+00
1.939236281249999916e+00,-1.726199144960000043e+00,0.000000000000000000e+00
-5.760143402549999792e-01,5.149354617029999748e-01,1.000000000000000000e+00
1.005170699920000077e+00,2.872671230950000210e-01,1.000000000000000000e+00
1.520721215430000051e+00,-1.277035496229999900e+00,0.000000000000000000e+00
1.858086208690000074e+00,-1.717839259300000032e+00,0.000000000000000000e+00
1.184488998459999998e+00,-1.265502518709999968e+00,0.000000000000000000e+00
2.053887192580000076e-01,-4.507866014390000120e-01,0.000000000000000000e+00
-1.989854916050000089e+00,-1.282969007409999973e+00,0.000000000000000000e+00
6.317957668510000568e-02,8.884873867489999633e-01,1.000000000000000000e+00
-1.567444743449999955e-02,-5.123442561069999762e-02,0.000000000000000000e+00
-5.711799302300000214e-01,-8.264927226899999591e-01,0.000000000000000000e+00
1.698353887099999904e+00,1.200195033660000021e+00,1.000000000000000000e+00
7.816126830530000236e-01,-8.205480407380000285e-01,0.000000000000000000e+00
-1.303425614290000034e+00,-7.436416963459999696e-01,0.000000000000000000e+00
8.182023147710000277e-01,4.118488857240000245e-01,1.000000000000000000e+00
5.623204553709999498e-01,5.171410243990000322e-02,1.000000000000000000e+00
7.510974850439999795e-01,-1.128542018299999894e+00,0.000000000000000000e+00
1.122559207179999907e+00,-1.144361242760000064e+00,0.000000000000000000e+00
4.517720926580000018e-01,6.581793687670000059e-01,1.000000000000000000e+00
1.769607592919999917e+00,-1.403085764460000107e+00,0.000000000000000000e+00
-1.341990510620000077e+00,1.214819903199999995e+00,1.000000000000000000e+00
7.892481718770000265e-01,5.803154285930000045e-01,1.000000000000000000e+00
1.156736591820000104e+00,-6.809439575539999456e-01,0.000000000000000000e+00
-1.303185146739999967e+00,-1.317257665699999913e+00,0.000000000000000000e+00
-1.166574906939999989e+00,-1.477541479569999927e+00,0.000000000000000000e+00
-8.268242193120000083e-01,3.096754164230000050e-01,1.000000000000000000e+00
6.598088697380000145e-01,4.923629515019999903e-01,1.000000000000000000e+00
6.060090702010000330e-01,5.844214728290000327e-01,1.000000000000000000e+00
1.289358398100000080e+00,-1.620064759119999920e+00,0.000000000000000000e+00
-1.576341031059999898e+00,-2.522595726429999741e-01,0.000000000000000000e+00
4.140147593219999922e-01,-4.771558034849999741e-01,0.000000000000000000e+00
1.756912124360000105e+00,5.728638463309999596e-01,1.000000000000000000e+00
-1.749550642009999990e+00,1.004472352350000097e+00,1.000000000000000000e+00
1.081047853789999902e+00,5.781315829180000421e-01,1.000000000000000000e+00
7.824507004920000508e-01,-9.274382084309999996e-01,0.000000000000000000e+00
3.653979742510000128e-01,-4.129678852240000198e-01,0.000000000000000000e+00
-1.655523502450000073e-01,-1.096034568999999959e+00,0.000000000000000000e+00
-1.789865821080000030e+00,-7.283747280279999625e-01,0.000000000000000000e+00
-1.632034812279999914e+00,5.159385362689999921e-01,1.000000000000000000e+00
5.222266984229999576e-01,-6.722323607079999652e-01,0.000000000000000000e+00
6.075659774999999652e-01,-2.786883267349999915e-01,1.000000000000000000e+00
1.799567263719999977e+00,-1.828420905780000050e+00,0.000000000000000000e+00
-1.470332997120000096e+00,1.215453522680000065e+00,1.000000000000000000e+00
7.351827991830000089e-03,-8.403429034940000653e-02,0.000000000000000000e+00
7.102564149650000269e-01,-3.184870312079999821e-01,0.000000000000000000e+00
1.171990180159999895e+00,-8.579144714140000128e-01,0.000000000000000000e+00
-1.664237482389999911e+00,4.211699081140000134e-01,1.000000000000000000e+00
9.403818060280000335e-01,-1.301969043149999949e+00,0.000000000000000000e+00
8.808710286240000187e-01,4.988471829039999861e-01,1.000000000000000000e+00
9.377466649379999630e-01,-6.201540902009999856e-01,0.000000000000000000e+00
9.906882332169999472e-01,4.921401545649999876e-01,1.000000000000000000e+00
8.288832955989999807e-02,-2.907489120499999746e-01,0.000000000000000000e+00
1.474687962490000004e-01,1.039578989600000022e-03,1.000000000000000000e+00
7.951432801059999944e-01,-6.074201842640000182e-01,0.000000000000000000e+00
8.288643204340000459e-01,-1.950163893870000137e-02,1.000000000000000000e+00
-1.264605611849999978e+00,-7.471038230280000469e-01,0.000000000000000000e+00
2.668224557850000234e-01,2.215528886279999887e-01,0.000000000000000000e+00
-6.026378416599999926e-03,1.353960655230000087e+00,1.000000000000000000e+00
5.512655990720000121e-01,-6.922253928270000189e-01,0.000000000000000000e+00
-1.447475818770000089e+00,-7.604163374729999703e-01,0.000000000000000000e+00
1.013343347650000004e+00,-1.194662024120000110e+00,1.000000000000000000e+00
-1.089875591510000019e+00,-1.041349687600000018e-01,1.000000000000000000e+00
-8.177404709379999526e-01,-3.227179543009999763e-01,0.000000000000000000e+00
-1.177676332179999896e+00,-1.550692220550000000e+00,0.000000000000000000e+00
1.656643223899999962e+00,-1.976293432989999932e+00,0.000000000000000000e+00
7.823729451469999541e-01,-6.368473465989999971e-01,0.000000000000000000e+00
7.270429955630000052e-01,-2.804579160860000142e-01,0.000000000000000000e+00
-7.330642615339999502e-01,9.906129974570000440e-01,1.000000000000000000e+00
7.963246851130000303e-01,1.176483699210000067e+00,1.000000000000000000e+00
7.696226398409999891e-01,5.488902295740000215e-01,1.000000000000000000e+00
8.222968119720000524e-02,1.948405266240000044e-01,0.000000000000000000e+00
7.523199919899999921e-01,1.175582140960000022e+00,1.000000000000000000e+00
8.040302372890000271e-01,-4.535933699890000170e-01,0.000000000000000000e+00
-9.133319146020000279e-01,-1.392656877300000096e+00,0.000000000000000000e+00
3.050436581329999952e-01,-5.885451681479999531e-01,0.000000000000000000e+00
9.542174024159999490e-01,-6.632027041789999577e-01,0.000000000000000000e+00
1.054381597090000011e-01,-3.630744323339999968e-01,0.000000000000000000e+00
5.912114965420000035e-01,-8.179352606599999964e-01,0.000000000000000000e+00
-1.590347302240000094e+00,-1.268108037149999978e+00,0.000000000000000000e+00
2.167664395000000119e-02,-4.374427334400000089e-01,0.000000000000000000e+00
-1.446082535189999962e+00,-1.217134359049999892e+00,0.000000000000000000e+00
-1.348798466649999916e+00,-1.543561572320000019e+00,0.000000000000000000e+00
1.030788963720000062e+00,-8.164216401920000310e-01,0.000000000000000000e+00
-5.821246025299999793e-01,-2.935355774150000263e-01,1.000000000000000000e+00
1.103835553179999956e-01,6.489029702090000351e-02,1.000000000000000000e+00
6.496537261929999363e-02,1.390752207490000059e+00,1.000000000000000000e+00
4.663217340899999952e-01,-6.452076977830000226e-01,0.000000000000000000e+00
8.138090315270000152e-01,7.979577916090000445e-01,1.000000000000000000e+00
-1.670681385129999974e+00,-9.990398525060000257e-01,0.000000000000000000e+00
4.165990220420000001e-01,-3.863362140939999856e-01,0.000000000000000000e+00
-1.585953195449999908e+00,1.200525923939999906e+00,1.000000000000000000e+00
-1.182640657070000018e-01,2.783902537990000092e-01,0.000000000000000000e+00
1.794712263849999934e+00,-1.865572781390000046e+00,0.000000000000000000e+00
-9.309162721050000533e-01,9.376327829360000532e-01,1.000000000000000000e+00
1.935166584799999923e-01,7.469888526639999471e-01,1.000000000000000000e+00
1.784081990790000072e+00,-1.943352164160000006e+00,0.000000000000000000e+00
1.229044824420000070e+00,-1.280431733059999910e+00,0.000000000000000000e+00
1.218594715899999903e+00,-1.012303589300000084e+00,0.000000000000000000e+00
9.678158083290000491e-01,-2.334551403600000075e-01,0.000000000000000000e+00
-1.441255614739999968e+00,-1.691273392030000045e+00,0.000000000000000000e+00
1.384510178440000017e+00,1.846994254369999922e-01,1.000000000000000000e+00
1.958314358370000008e+00,5.599269168320000212e-01,1.000000000000000000e+00
-1.371778991500000044e+00,9.553162190359999473e-01,1.000000000000000000e+00
1.989596961019999943e+00,-1.794734880220000051e+00,0.000000000000000000e+00
1.229049447700000020e+00,-1.378377847539999923e-01,1.000000000000000000e+00
-1.205001068729999902e+00,-8.906424329630000525e-01,0.000000000000000000e+00
-1.049299101330000011e-01,-8.337496052790000466e-04,0.000000000000000000e+00
1.583100655199999984e+00,-1.602648874700000059e+00,0.000000000000000000e+00
3.465315608499999755e-01,1.140143400869999990e+00,1.000000000000000000e+00
1.005194163090000092e+00,-2.694162692950000104e-01,0.000000000000000000e+00
-3.174088904510000142e-01,-8.947039909039999905e-01,0.000000000000000000e+00
4.185649980980000184e-01,-8.486303799150000104e-01,0.000000000000000000e+00
1.810277901469999895e+00,4.326220699780000123e-01,1.000000000000000000e+00
1.418472589649999893e+00,-1.039494846109999981e+00,0.000000000000000000e+00
-4.189265217920000173e-01,-1.458629235350000108e+00,0.000000000000000000e+00
1.386652904399999997e+00,-1.009517908509999895e+00,0.000000000000000000e+00
8.257226375999999757e-01,1.978085066409999981e-01,1.000000000000000000e+00
1.812683022729999927e+00,-1.737733377979999938e+00,0.000000000000000000e+00
-9.087322946339999596e-01,1.092940790489999925e+00,1.000000000000000000e+00
-1.169449900090000050e+00,7.396953343329999708e-02,1.000000000000000000e+00
1.098822610100000041e+00,-1.404198730270000084e+00,0.000000000000000000e+00
9.534368162009999592e-01,-7.144309556500000324e-01,0.000000000000000000e+00
-3.427445338319999868e-01,5.280892794389999700e-01,1.000000000000000000e+00
9.783165875129999911e-01,-1.374115710979999960e+00,0.000000000000000000e+00
1.176324234029999971e+00,8.068490230289999676e-01,1.000000000000000000e+00
7.161852678600000299e-02,3.566981385469999988e-01,1.000000000000000000e+00
-7.788139405270000371e-01,-3.796985768200000222e-01,0.000000000000000000e+00
4.089730703789999922e-01,1.269965990420000024e+00,1.000000000000000000e+00
-1.223983217250000033e+00,6.614851630210000222e-01,1.000000000000000000e+00
3.634173664770000145e-01,3.608926181570000224e-01,1.000000000000000000e+00
-3.823038414230000015e-01,-9.290723872499999647e-01,0.000000000000000000e+00
1.096034829479999972e+00,5.649597772469999724e-01,1.000000000000000000e+00
-1.405801491200000086e+00,7.817050505860000387e-01,1.000000000000000000e+00
-9.286592243529999680e-01,-1.185552668309999946e+00,0.000000000000000000e+00
1.106402900950000046e+00,9.689971336049999495e-01,1.000000000000000000e+00
1.201192382119999902e+00,-4.151369618479999746e-01,1.000000000000000000e+00
1.452746326320000003e+00,8.985768814989999465e-01,1.000000000000000000e+00
-1.577354809710000083e+00,-1.540983973839999965e+00,0.000000000000000000e+00
-1.011904926339999955e+00,-1.356683129909999952e+00,0.000000000000000000e+00
-1.841996346459999989e+00,-1.690598597649999868e-01,0.000000000000000000e+00
-5.535394032599999514e-01,1.053930335230000015e+00,1.000000000000000000e+00
-8.330580628970000179e-01,-9.134947487329999616e-01,1.000000000000000000e+00
-4.857182149309999808e-01,-6.694917335090000421e-01,0.000000000000000000e+00
8.976158593390000384e-02,-1.373810603370000105e-01,1.000000000000000000e+00
-3.484905383810000257e-01,-6.765523403090000221e-01,0.000000000000000000e+00
1.569257562260000016e+00,-1.157693029510000082e+00,0.000000000000000000e+00
-1.301380991080000049e+00,-5.060366982080000131e-01,0.000000000000000000e+00
-1.318083776880000002e+00,-8.515006659799999600e-01,0.000000000000000000e+00
-1.352896326500000024e+00,-7.699419136259999519e-01,0.000000000000000000e+00
9.974545517820000429e-01,-4.385275684280000030e-01,0.000000000000000000e+00
9.503994515310000279e-01,-9.745190381570000282e-01,0.000000000000000000e+00
-7.654665997409999534e-01,9.840702820800000250e-01,1.000000000000000000e+00
1.126216143059999952e+00,2.227852202750000166e-03,1.000000000000000000e+00
8.825416734429999965e-02,-4.672873873450000271e-01,0.000000000000000000e+00
4.524242229489999767e-01,-1.332785389419999911e+00,0.000000000000000000e+00
7.208809815610000005e-01,2.972773668950000059e-01,0.000000000000000000e+00
1.384291191219999995e+00,-1.246012948159999967e+00,0.000000000000000000e+00
-1.385641078849999985e+00,8.807065341449999973e-01,1.000000000000000000e+00
-1.422990485039999919e+00,-8.635646454969999608e-01,0.000000000000000000e+00
-1.408000704850000062e+00,8.044531328809999549e-01,1.000000000000000000e+00
1.171828960480000070e+00,1.405980752380000087e+00,1.000000000000000000e+00
-9.872266457599999934e-02,4.997005451469999950e-03,0.000000000000000000e+00
1.245296281049999898e+00,9.360493838250000254e-01,1.000000000000000000e+00
-6.629659261689999639e-01,-5.456059190569999551e-01,0.000000000000000000e+00
1.257437747600000100e-01,-4.182203335790000143e-01,0.000000000000000000e+00
-5.405113083460000301e-01,-4.426152835220000248e-01,0.000000000000000000e+00
6.278472665730000513e-01,-7.900830219440000413e-01,0.000000000000000000e+00
1.673463404019999989e-01,4.215657152839999977e-01,1.000000000000000000e+00
-7.418529975600000048e-01,-1.646032907299999959e+00,0.000000000000000000e+00
1.786368218870000024e-01,-4.953170469220000149e-01,0.000000000000000000e+00
2.121746361150000093e-01,-5.477521191189999722e-02,0.000000000000000000e+00
1.115699878050000038e+00,-8.853505951740000546e-01,0.000000000000000000e+00
1.579609608950000021e-01,-1.816417783169999911e+00,0.000000000000000000e+00
-8.101001370639999699e-01,-1.320363280220000046e+00,0.000000000000000000e+00
-4.784924014849999963e-01,1.270986276039999918e+00,1.000000000000000000e+00
